<?xml version="1.0" encoding="UTF-8" standalone="no"?> 
<part_info part_name="xc7k325tffg900-2">
<pins>
  <pin index="0" name ="aud_scl_i" iostandard="LVCMOS18" loc="AE19"/>
  <pin index="1" name ="aud_sda_i" iostandard="LVCMOS18" loc="AF18"/>
  <pin index="2" name ="clk_n" iostandard="TMDS_33" loc="AD11"/>
  <pin index="3" name ="clk_p" iostandard="TMDS_33" loc="AD12"/>
  <pin index="4" name ="dip_switches_8bits_tri_i_0" iostandard="LVCMOS12" loc="G19"/>
  <pin index="5" name ="dip_switches_8bits_tri_i_1" iostandard="LVCMOS12" loc="G25"/>
  <pin index="6" name ="dip_switches_8bits_tri_i_2" iostandard="LVCMOS12" loc="H24"/>
  <pin index="7" name ="dip_switches_8bits_tri_i_3" iostandard="LVCMOS12" loc="K19"/>
  <pin index="8" name ="dip_switches_8bits_tri_i_4" iostandard="LVCMOS12" loc="N19"/>
  <pin index="9" name ="dip_switches_8bits_tri_i_5" iostandard="LVCMOS12" loc="P19"/>
  <pin index="10" name ="dip_switches_8bits_tri_i_6" iostandard="LVCMOS33" loc="P26"/>
  <pin index="11" name ="dip_switches_8bits_tri_i_7" iostandard="LVCMOS33" loc="P27"/>
  <pin index="12" name ="hdmi_rx_hpd" iostandard="LVCMOS33" loc="AH29"/>
  <pin index="13" name ="TMDS_IN_clk_p" iostandard="TMDS_33" loc="AE28"/>
  <pin index="14" name ="TMDS_IN_clk_n" iostandard="TMDS_33" loc="AF28"/>
  <pin index="15" name ="TMDS_IN_data_p_0" iostandard="TMDS_33" loc="AJ26"/>
  <pin index="16" name ="TMDS_IN_data_p_1" iostandard="TMDS_33" loc="AG27"/>
  <pin index="17" name ="TMDS_IN_data_p_2" iostandard="TMDS_33" loc="AH26"/>
  <pin index="18" name ="TMDS_IN_data_n_0" iostandard="TMDS_33" loc="AK26"/>
  <pin index="19" name ="TMDS_IN_data_n_1" iostandard="TMDS_33" loc="AG28"/>
  <pin index="20" name ="TMDS_IN_data_n_2" iostandard="TMDS_33" loc="AH27"/>
  <pin index="21" name ="hdmi_tx_hpd" iostandard="LVCMOS18" loc="AG29"/>
  <pin index="22" name ="eth_mdc" iostandard="LVCMOS15" loc="AF12"/>
  <pin index="23" name ="eth_mdio_i" iostandard="LVCMOS15" loc="AG12"/>
  <pin index="24" name ="eth_rgmii_rd_0" iostandard="LVCMOS15" loc="AJ14"/>
  <pin index="25" name ="eth_rgmii_rd_1" iostandard="LVCMOS15" loc="AH14"/>
  <pin index="26" name ="eth_rgmii_rd_2" iostandard="LVCMOS15" loc="AK13"/>
  <pin index="27" name ="eth_rgmii_rd_3" iostandard="LVCMOS15" loc="AJ13"/>
  <pin index="28" name ="eth_rgmii_rxc" iostandard="LVCMOS15" loc="AG10"/>
  <pin index="29" name ="eth_rgmii_rx_ctl" iostandard="LVCMOS15" loc="AH11"/>
  <pin index="30" name ="eth_rgmii_td_0" iostandard="LVCMOS15" loc="AJ12"/>
  <pin index="31" name ="eth_rgmii_td_1" iostandard="LVCMOS15" loc="AK11"/>
  <pin index="32" name ="eth_rgmii_td_2" iostandard="LVCMOS15" loc="AJ11"/>
  <pin index="33" name ="eth_rgmii_td_3" iostandard="LVCMOS15" loc="AK10"/>
  <pin index="34" name ="eth_rgmii_txc" iostandard="LVCMOS15" loc="AE10"/>
  <pin index="35" name ="eth_rgmii_tx_ctl" iostandard="LVCMOS15" loc="AK14"/>
  <pin index="36" name ="led_8bits_tri_o_0" iostandard="LVCMOS33" loc="T28"/>
  <pin index="37" name ="led_8bits_tri_o_1" iostandard="LVCMOS33" loc="V19"/>
  <pin index="38" name ="led_8bits_tri_o_2" iostandard="LVCMOS33" loc="U30"/>
  <pin index="39" name ="led_8bits_tri_o_3" iostandard="LVCMOS33" loc="U29"/>
  <pin index="40" name ="led_8bits_tri_o_4" iostandard="LVCMOS33" loc="V20"/>
  <pin index="41" name ="led_8bits_tri_o_5" iostandard="LVCMOS33" loc="V26"/>
  <pin index="42" name ="led_8bits_tri_o_6" iostandard="LVCMOS33" loc="W24"/>
  <pin index="43" name ="led_8bits_tri_o_7" iostandard="LVCMOS33" loc="W23"/>
  <pin index="44" name ="miso_i" iostandard="LVCMOS33" loc="W28"/>
  <pin index="45" name ="mosi_i" iostandard="LVCMOS33" loc="W27"/>
  <pin index="46" name ="otg_clk_m" iostandard="LVCMOS18" loc="AD18"/>
  <pin index="47" name ="otg_data_i_0" iostandard="LVCMOS18" loc="AE14"/>
  <pin index="48" name ="otg_data_i_1" iostandard="LVCMOS18" loc="AE15"/>
  <pin index="49" name ="otg_data_i_2" iostandard="LVCMOS18" loc="AC15"/>
  <pin index="50" name ="otg_data_i_3" iostandard="LVCMOS18" loc="AC16"/>
  <pin index="51" name ="otg_data_i_4" iostandard="LVCMOS18" loc="AB15"/>
  <pin index="52" name ="otg_data_i_5" iostandard="LVCMOS18" loc="AA15"/>
  <pin index="53" name ="otg_data_i_6" iostandard="LVCMOS18" loc="AD14"/>
  <pin index="54" name ="otg_data_i_7" iostandard="LVCMOS18" loc="AC14"/>
  <pin index="55" name ="otg_dir_m" iostandard="LVCMOS18" loc="Y16"/>
  <pin index="56" name ="otg_next_m" iostandard="LVCMOS18" loc="AA16"/>
  <pin index="57" name ="otg_rst_m" iostandard="LVCMOS18" loc="AB14"/>
  <pin index="58" name ="otg_stop_m" iostandard="LVCMOS18" loc="AA17"/>
  <pin index="59" name ="push_buttons_5bits_tri_i_0" iostandard="LVCMOS12" loc="E18"/>c
  <pin index="60" name ="push_buttons_5bits_tri_i_1" iostandard="LVCMOS12" loc="B19"/>u
  <pin index="61" name ="push_buttons_5bits_tri_i_2" iostandard="LVCMOS12" loc="M20"/>l
  <pin index="62" name ="push_buttons_5bits_tri_i_3" iostandard="LVCMOS12" loc="C19"/>r
  <pin index="63" name ="push_buttons_5bits_tri_i_4" iostandard="LVCMOS12" loc="M19"/>d
  <pin index="64" name ="qspi_csn_i" iostandard="LVCMOS33" loc="U19"/>
  <pin index="65" name ="qspi_db0_i" iostandard="LVCMOS33" loc="P24"/>
  <pin index="66" name ="qspi_db1_i" iostandard="LVCMOS33" loc="R25"/>
  <pin index="67" name ="qspi_db2_i" iostandard="LVCMOS33" loc="R20"/>
  <pin index="68" name ="qspi_db3_i" iostandard="LVCMOS33" loc="R21"/>
  <pin index="69" name ="reset" iostandard="LVCMOS33" loc="R19"/>
  <pin index="70" name ="sclk_i" iostandard="LVCMOS33" loc="AD27"/>
  <pin index="71" name ="scl_i" iostandard="LVCMOS33" loc="AE30"/>
  <pin index="72" name ="sda_i" iostandard="LVCMOS33" loc="AF30"/>
  <pin index="73" name ="sd_miso_i" iostandard="LVCMOS33" loc="R26"/>
  <pin index="74" name ="sd_mosi_i" iostandard="LVCMOS33" loc="R29"/>
  <pin index="75" name ="sd_sclk_i" iostandard="LVCMOS33" loc="R28"/>
  <pin index="76" name ="sd_ss_i" iostandard="LVCMOS33" loc="T30"/>
  <pin index="77" name ="ss_i" iostandard="LVCMOS33" loc="W29"/>
  <pin index="78" name ="usb_uart_rxd" iostandard="LVCMOS33" loc="Y20"/>
  <pin index="79" name ="usb_uart_txd" iostandard="LVCMOS33" loc="Y23"/>
  <pin index="80" name ="phy_reset_n" iostandard="LVCMOS33" loc="AH24"/>
  <pin index="81" name ="TMDS_OUT_clk_p" iostandard="LVCMOS33" loc="AA20"/>
  <pin index="82" name ="TMDS_OUT_clk_n" iostandard="LVCMOS33" loc="AB20"/>
  <pin index="83" name ="TMDS_OUT_data_p_0" iostandard="LVCMOS33" loc="AC20"/>
  <pin index="84" name ="TMDS_OUT_data_p_1" iostandard="LVCMOS33" loc="AA22"/>
  <pin index="85" name ="TMDS_OUT_data_p_2" iostandard="LVCMOS33" loc="AB24"/>
  <pin index="86" name ="TMDS_OUT_data_n_0" iostandard="LVCMOS33" loc="AC21"/>
  <pin index="87" name ="TMDS_OUT_data_n_1" iostandard="LVCMOS33" loc="AA23"/>
  <pin index="88" name ="TMDS_OUT_data_n_2" iostandard="LVCMOS33" loc="AC25"/>
  <pin index="89" name ="hdmi_in_ddc_scl" iostandard="LVCMOS33" loc="AJ28"/>
  <pin index="90" name ="hdmi_in_ddc_sda" iostandard="LVCMOS33" loc="AJ29"/>
  <pin index="91" name ="JC1" iostandard="LVCMOS33" loc="AC26"/>
  <pin index="92" name ="JC2" iostandard="LVCMOS33" loc="AJ27"/>
  <pin index="93" name ="JC3" iostandard="LVCMOS33" loc="AH30"/>
  <pin index="94" name ="JC4" iostandard="LVCMOS33" loc="AK29"/>
  <pin index="95" name ="JC7" iostandard="LVCMOS33" loc="AD26"/>
  <pin index="96" name ="JC8" iostandard="LVCMOS33" loc="AG30"/>
  <pin index="97" name ="JC9" iostandard="LVCMOS33" loc="AK30"/>
  <pin index="98" name ="JC10" iostandard="LVCMOS33" loc="AK28"/>
  <pin index="99" name ="JD1" iostandard="LVCMOS33"  loc="V27"/>
  <pin index="100" name ="JD2" iostandard="LVCMOS33" loc="Y30"/>
  <pin index="101" name ="JD3" iostandard="LVCMOS33" loc="V24"/>
  <pin index="102" name ="JD4" iostandard="LVCMOS33" loc="W22"/>
  <pin index="103" name ="JD7" iostandard="LVCMOS33" loc="U24"/>
  <pin index="104" name ="JD8" iostandard="LVCMOS33" loc="Y26"/>
  <pin index="105" name ="JD9" iostandard="LVCMOS33" loc="V22"/>
  <pin index="106" name ="JD10" iostandard="LVCMOS33" loc="W21"/>
  <pin index="107" name ="JB1" iostandard="LVCMOS33" loc="V29"/>
  <pin index="108" name ="JB2" iostandard="LVCMOS33" loc="V30"/>
  <pin index="109" name ="JB3" iostandard="LVCMOS33" loc="V25"/>
  <pin index="110" name ="JB4" iostandard="LVCMOS33" loc="W26"/>
  <pin index="111" name ="JB7" iostandard="LVCMOS33" loc="T25"/>
  <pin index="112" name ="JB8" iostandard="LVCMOS33" loc="U25"/>
  <pin index="113" name ="JB9" iostandard="LVCMOS33" loc="U22"/>
  <pin index="114" name ="JB10" iostandard="LVCMOS33" loc="U23"/>
  <pin index="115" name ="JA1" iostandard="LVCMOS33" loc="U27"/>
  <pin index="116" name ="JA2" iostandard="LVCMOS33" loc="U28"/>
  <pin index="117" name ="JA3" iostandard="LVCMOS33" loc="T26"/>
  <pin index="118" name ="JA4" iostandard="LVCMOS33" loc="T27"/>
  <pin index="119" name ="JA7" iostandard="LVCMOS33" loc="T22"/>
  <pin index="120" name ="JA8" iostandard="LVCMOS33" loc="T23"/>
  <pin index="121" name ="JA9" iostandard="LVCMOS33" loc="T20"/>
  <pin index="122" name ="JA10" iostandard="LVCMOS33" loc="T21"/>
</pins>
</part_info>
