<?xml version="1.0" encoding="UTF-8" standalone="no"?> 
<part_info part_name="xc7z010clg400-1">
<pins>
  <pin index="0" name ="btns_4bits_tri_i_0" iostandard="LVCMOS33" loc="R18"/>
  <pin index="1" name ="btns_4bits_tri_i_1" iostandard="LVCMOS33" loc="P16"/>
  <pin index="2" name ="btns_4bits_tri_i_2" iostandard="LVCMOS33" loc="V16"/>
  <pin index="3" name ="btns_4bits_tri_i_3" iostandard="LVCMOS33" loc="Y16"/>
  <pin index="4" name ="leds_4bits_tri_o_0" iostandard="LVCMOS33" loc="M14"/>
  <pin index="5" name ="leds_4bits_tri_o_1" iostandard="LVCMOS33" loc="M15"/>
  <pin index="6" name ="leds_4bits_tri_o_2" iostandard="LVCMOS33" loc="G14"/>
  <pin index="7" name ="leds_4bits_tri_o_3" iostandard="LVCMOS33" loc="D18"/>
  <pin index="8" name ="sws_4bits_tri_i_0" iostandard="LVCMOS33" loc="G15"/>
  <pin index="9" name ="sws_4bits_tri_i_1" iostandard="LVCMOS33" loc="P15"/>
  <pin index="10" name ="sws_4bits_tri_i_2" iostandard="LVCMOS33" loc="W13"/>
  <pin index="11" name ="sws_4bits_tri_i_3" iostandard="LVCMOS33" loc="T16"/>
  <pin index="12" name ="sys_clk" iostandard="LVCMOS33" loc="L16"/>
  <pin index="13" name ="TMDS_clk_p" iostandard="TMDS_33" loc="H16"/>
  <pin index="14" name ="TMDS_clk_n" iostandard="TMDS_33" loc="H17"/>
  <pin index="15" name ="TMDS_data_p_0" iostandard="TMDS_33" loc="D19"/>
  <pin index="16" name ="TMDS_data_p_1" iostandard="TMDS_33" loc="C20"/>
  <pin index="17" name ="TMDS_data_p_2" iostandard="TMDS_33" loc="B19"/>
  <pin index="18" name ="TMDS_data_n_0" iostandard="TMDS_33" loc="D20"/>
  <pin index="19" name ="TMDS_data_n_1" iostandard="TMDS_33" loc="B20"/>
  <pin index="20" name ="TMDS_data_n_2" iostandard="TMDS_33" loc="A20"/>
  <pin index="21" name ="hdmi_ddc_sda" iostandard="LVCMOS33" loc="G18"/>
  <pin index="22" name ="hdmi_ddc_scl" iostandard="LVCMOS33" loc="G17"/>
  <pin index="23" name ="hdmi_hpd" iostandard="LVCMOS33" loc="E18"/>
  <pin index="24" name ="hdmi_out_en" iostandard="LVCMOS33" loc="F17"/>
  <pin index="25" name ="JB1" iostandard="LVCMOS33" loc="T20"/>
  <pin index="26" name ="JB2" iostandard="LVCMOS33" loc="U20"/>
  <pin index="27" name ="JB3" iostandard="LVCMOS33" loc="V20"/>
  <pin index="28" name ="JB4" iostandard="LVCMOS33" loc="W20"/>
  <pin index="29" name ="JB7" iostandard="LVCMOS33" loc="Y18"/>
  <pin index="30" name ="JB8" iostandard="LVCMOS33" loc="Y19"/>
  <pin index="31" name ="JB9" iostandard="LVCMOS33" loc="W18"/>
  <pin index="32" name ="JB10" iostandard="LVCMOS33" loc="W19"/>
  <pin index="33" name ="JC1" iostandard="LVCMOS33" loc="V15"/>
  <pin index="34" name ="JC2" iostandard="LVCMOS33" loc="W15"/>
  <pin index="35" name ="JC3" iostandard="LVCMOS33" loc="T11"/>
  <pin index="36" name ="JC4" iostandard="LVCMOS33" loc="T10"/>
  <pin index="37" name ="JC7" iostandard="LVCMOS33" loc="W14"/>
  <pin index="38" name ="JC8" iostandard="LVCMOS33" loc="Y14"/>
  <pin index="39" name ="JC9" iostandard="LVCMOS33" loc="T12"/>
  <pin index="40" name ="JC10" iostandard="LVCMOS33" loc="U12"/>
  <pin index="41" name ="JA1" iostandard="LVCMOS33" loc="N15"/>
  <pin index="42" name ="JA2" iostandard="LVCMOS33" loc="N16"/>
  <pin index="43" name ="JA3" iostandard="LVCMOS33" loc="L14"/>
  <pin index="44" name ="JA4" iostandard="LVCMOS33" loc="L15"/>
  <pin index="45" name ="JA7" iostandard="LVCMOS33" loc="K16"/>
  <pin index="46" name ="JA8" iostandard="LVCMOS33" loc="J16"/>
  <pin index="47" name ="JA9" iostandard="LVCMOS33" loc="K14"/>
  <pin index="48" name ="JA10" iostandard="LVCMOS33" loc="J14"/>
  <pin index="49" name ="JD1" iostandard="LVCMOS33" loc="T14"/>
  <pin index="50" name ="JD2" iostandard="LVCMOS33" loc="T15"/>
  <pin index="51" name ="JD3" iostandard="LVCMOS33" loc="P14"/>
  <pin index="52" name ="JD4" iostandard="LVCMOS33" loc="R14"/>
  <pin index="53" name ="JD7" iostandard="LVCMOS33" loc="U14"/>
  <pin index="54" name ="JD8" iostandard="LVCMOS33" loc="U15"/>
  <pin index="55" name ="JD9" iostandard="LVCMOS33" loc="V17"/>
  <pin index="56" name ="JD10" iostandard="LVCMOS33" loc="V18"/>
  <pin index="57" name ="JE1" iostandard="LVCMOS33" loc="V12"/>
  <pin index="58" name ="JE2" iostandard="LVCMOS33" loc="W16"/>
  <pin index="59" name ="JE3" iostandard="LVCMOS33" loc="J15"/>
  <pin index="60" name ="JE4" iostandard="LVCMOS33" loc="H15"/>
  <pin index="61" name ="JE7" iostandard="LVCMOS33" loc="V13"/>
  <pin index="62" name ="JE8" iostandard="LVCMOS33" loc="U17"/>
  <pin index="63" name ="JE9" iostandard="LVCMOS33" loc="T17"/>
  <pin index="64" name ="JE10" iostandard="LVCMOS33" loc="Y17"/>
</pins>
</part_info>
