<?xml version="1.0" encoding="UTF-8" standalone="no"?> 
<part_info part_name="xc7a100tcsg324-1">
<pins>
  <pin index="0" name ="acl_miso_i" iostandard="LVCMOS33" loc="D13"/>
  <pin index="1" name ="acl_mosi_i" iostandard="LVCMOS33" loc="B14"/>
  <pin index="2" name ="acl_sclk_i" iostandard="LVCMOS33" loc="D15"/>
  <pin index="3" name ="acl_ss_i" iostandard="LVCMOS33" loc="C15"/>
  <pin index="4" name ="cellular_ram_addr_0" iostandard="LVCMOS33" loc="J18"/>
  <pin index="5" name ="cellular_ram_addr_1" iostandard="LVCMOS33" loc="H17"/>
  <pin index="6" name ="cellular_ram_addr_2" iostandard="LVCMOS33" loc="H15"/>
  <pin index="7" name ="cellular_ram_addr_3" iostandard="LVCMOS33" loc="J17"/>
  <pin index="8" name ="cellular_ram_addr_4" iostandard="LVCMOS33" loc="H16"/>
  <pin index="9" name ="cellular_ram_addr_5" iostandard="LVCMOS33" loc="K15"/>
  <pin index="10" name ="cellular_ram_addr_6" iostandard="LVCMOS33" loc="K13"/>
  <pin index="11" name ="cellular_ram_addr_7" iostandard="LVCMOS33" loc="N15"/>
  <pin index="12" name ="cellular_ram_addr_8" iostandard="LVCMOS33" loc="V16"/>
  <pin index="13" name ="cellular_ram_addr_9" iostandard="LVCMOS33" loc="U14"/>
  <pin index="14" name ="cellular_ram_addr_10" iostandard="LVCMOS33" loc="V14"/>
  <pin index="15" name ="cellular_ram_addr_11" iostandard="LVCMOS33" loc="V12"/>
  <pin index="16" name ="cellular_ram_addr_12" iostandard="LVCMOS33" loc="P14"/>
  <pin index="17" name ="cellular_ram_addr_13" iostandard="LVCMOS33" loc="U16"/>
  <pin index="18" name ="cellular_ram_addr_14" iostandard="LVCMOS33" loc="R15"/>
  <pin index="19" name ="cellular_ram_addr_15" iostandard="LVCMOS33" loc="N14"/>
  <pin index="20" name ="cellular_ram_addr_16" iostandard="LVCMOS33" loc="N16"/>
  <pin index="21" name ="cellular_ram_addr_17" iostandard="LVCMOS33" loc="M13"/>
  <pin index="22" name ="cellular_ram_addr_18" iostandard="LVCMOS33" loc="V17"/>
  <pin index="23" name ="cellular_ram_addr_19" iostandard="LVCMOS33" loc="U17"/>
  <pin index="24" name ="cellular_ram_addr_20" iostandard="LVCMOS33" loc="T10"/>
  <pin index="25" name ="cellular_ram_addr_21" iostandard="LVCMOS33" loc="M16"/>
  <pin index="26" name ="cellular_ram_addr_22" iostandard="LVCMOS33" loc="U13"/>
  <pin index="27" name ="cellular_ram_adv_ldn" iostandard="LVCMOS33" loc="T13"/>
  <pin index="28" name ="cellular_ram_ben_0" iostandard="LVCMOS33" loc="J15"/>
  <pin index="29" name ="cellular_ram_ben_1" iostandard="LVCMOS33" loc="J13"/>
  <pin index="30" name ="cellular_ram_ce_n" iostandard="LVCMOS33" loc="L18"/>
  <pin index="31" name ="cellular_ram_cre" iostandard="LVCMOS33" loc="J14"/>
  <pin index="32" name ="cellular_ram_dq_i_0" iostandard="LVCMOS33" loc="R12"/>
  <pin index="33" name ="cellular_ram_dq_i_1" iostandard="LVCMOS33" loc="T11"/>
  <pin index="34" name ="cellular_ram_dq_i_2" iostandard="LVCMOS33" loc="U12"/>
  <pin index="35" name ="cellular_ram_dq_i_3" iostandard="LVCMOS33" loc="R13"/>
  <pin index="36" name ="cellular_ram_dq_i_4" iostandard="LVCMOS33" loc="U18"/>
  <pin index="37" name ="cellular_ram_dq_i_5" iostandard="LVCMOS33" loc="R17"/>
  <pin index="38" name ="cellular_ram_dq_i_6" iostandard="LVCMOS33" loc="T18"/>
  <pin index="39" name ="cellular_ram_dq_i_7" iostandard="LVCMOS33" loc="R18"/>
  <pin index="40" name ="cellular_ram_dq_i_8" iostandard="LVCMOS33" loc="F18"/>
  <pin index="41" name ="cellular_ram_dq_i_9" iostandard="LVCMOS33" loc="G18"/>
  <pin index="42" name ="cellular_ram_dq_i_10" iostandard="LVCMOS33" loc="G17"/>
  <pin index="43" name ="cellular_ram_dq_i_11" iostandard="LVCMOS33" loc="M18"/>
  <pin index="44" name ="cellular_ram_dq_i_12" iostandard="LVCMOS33" loc="M17"/>
  <pin index="45" name ="cellular_ram_dq_i_13" iostandard="LVCMOS33" loc="P18"/>
  <pin index="46" name ="cellular_ram_dq_i_14" iostandard="LVCMOS33" loc="N17"/>
  <pin index="47" name ="cellular_ram_dq_i_15" iostandard="LVCMOS33" loc="P17"/>
  <pin index="48" name ="cellular_ram_oen" iostandard="LVCMOS33" loc="H14"/>
  <pin index="49" name ="cellular_ram_wait" iostandard="LVCMOS33" loc="T14"/>
  <pin index="50" name ="cellular_ram_wen" iostandard="LVCMOS33" loc="R11"/>
  <pin index="51" name ="clk" iostandard="LVCMOS33" loc="E3"/>
  <pin index="52" name ="dip_switches_16bits_tri_i_0" iostandard="LVCMOS33" loc="U9"/>
  <pin index="53" name ="dip_switches_16bits_tri_i_1" iostandard="LVCMOS33" loc="U8"/>
  <pin index="54" name ="dip_switches_16bits_tri_i_2" iostandard="LVCMOS33" loc="R7"/>
  <pin index="55" name ="dip_switches_16bits_tri_i_3" iostandard="LVCMOS33" loc="R6"/>
  <pin index="56" name ="dip_switches_16bits_tri_i_4" iostandard="LVCMOS33" loc="R5"/>
  <pin index="57" name ="dip_switches_16bits_tri_i_5" iostandard="LVCMOS33" loc="V7"/>
  <pin index="58" name ="dip_switches_16bits_tri_i_6" iostandard="LVCMOS33" loc="V6"/>
  <pin index="59" name ="dip_switches_16bits_tri_i_7" iostandard="LVCMOS33" loc="V5"/>
  <pin index="60" name ="dip_switches_16bits_tri_i_8" iostandard="LVCMOS33" loc="U4"/>
  <pin index="61" name ="dip_switches_16bits_tri_i_9" iostandard="LVCMOS33" loc="V2"/>
  <pin index="62" name ="dip_switches_16bits_tri_i_10" iostandard="LVCMOS33" loc="U2"/>
  <pin index="63" name ="dip_switches_16bits_tri_i_11" iostandard="LVCMOS33" loc="T3"/>
  <pin index="64" name ="dip_switches_16bits_tri_i_12" iostandard="LVCMOS33" loc="T1"/>
  <pin index="65" name ="dip_switches_16bits_tri_i_13" iostandard="LVCMOS33" loc="R3"/>
  <pin index="66" name ="dip_switches_16bits_tri_i_14" iostandard="LVCMOS33" loc="P3"/>
  <pin index="67" name ="dip_switches_16bits_tri_i_15" iostandard="LVCMOS33" loc="P4"/>
  <pin index="68" name ="dual_seven_seg_led_disp_tri_o_0" iostandard="LVCMOS33" loc="L3"/>
  <pin index="69" name ="dual_seven_seg_led_disp_tri_o_1" iostandard="LVCMOS33" loc="N1"/>
  <pin index="70" name ="dual_seven_seg_led_disp_tri_o_2" iostandard="LVCMOS33" loc="L5"/>
  <pin index="71" name ="dual_seven_seg_led_disp_tri_o_3" iostandard="LVCMOS33" loc="L4"/>
  <pin index="72" name ="dual_seven_seg_led_disp_tri_o_4" iostandard="LVCMOS33" loc="K3"/>
  <pin index="73" name ="dual_seven_seg_led_disp_tri_o_5" iostandard="LVCMOS33" loc="M2"/>
  <pin index="74" name ="dual_seven_seg_led_disp_tri_o_6" iostandard="LVCMOS33" loc="L6"/>
  <pin index="75" name ="dual_seven_seg_led_disp_tri_o_7" iostandard="LVCMOS33" loc="M4"/>
  <pin index="76" name ="eth_mdc" iostandard="LVCMOS33" loc="C9"/>
  <pin index="77" name ="eth_mdio_i" iostandard="LVCMOS33" loc="A9"/>
  <pin index="78" name ="eth_rmii_crs_dv" iostandard="LVCMOS33" loc="D9"/>
  <pin index="79" name ="eth_rmii_rxd_0" iostandard="LVCMOS33" loc="D10"/>
  <pin index="80" name ="eth_rmii_rxd_1" iostandard="LVCMOS33" loc="C11"/>
  <pin index="81" name ="eth_rmii_rx_er" iostandard="LVCMOS33" loc="C10"/>
  <pin index="82" name ="eth_rmii_txd_0" iostandard="LVCMOS33" loc="A10"/>
  <pin index="83" name ="eth_rmii_txd_1" iostandard="LVCMOS33" loc="A8"/>
  <pin index="84" name ="eth_rmii_tx_en" iostandard="LVCMOS33" loc="B9"/>
  <pin index="85" name ="led_16bits_tri_o_0" iostandard="LVCMOS33" loc="T8"/>
  <pin index="86" name ="led_16bits_tri_o_1" iostandard="LVCMOS33" loc="V9"/>
  <pin index="87" name ="led_16bits_tri_o_2" iostandard="LVCMOS33" loc="R8"/>
  <pin index="88" name ="led_16bits_tri_o_3" iostandard="LVCMOS33" loc="T6"/>
  <pin index="89" name ="led_16bits_tri_o_4" iostandard="LVCMOS33" loc="T5"/>
  <pin index="90" name ="led_16bits_tri_o_5" iostandard="LVCMOS33" loc="T4"/>
  <pin index="91" name ="led_16bits_tri_o_6" iostandard="LVCMOS33" loc="U7"/>
  <pin index="92" name ="led_16bits_tri_o_7" iostandard="LVCMOS33" loc="U6"/>
  <pin index="93" name ="led_16bits_tri_o_8" iostandard="LVCMOS33" loc="V4"/>
  <pin index="94" name ="led_16bits_tri_o_9" iostandard="LVCMOS33" loc="U3"/>
  <pin index="95" name ="led_16bits_tri_o_10" iostandard="LVCMOS33" loc="V1"/>
  <pin index="96" name ="led_16bits_tri_o_11" iostandard="LVCMOS33" loc="R1"/>
  <pin index="97" name ="led_16bits_tri_o_12" iostandard="LVCMOS33" loc="P5"/>
  <pin index="98" name ="led_16bits_tri_o_13" iostandard="LVCMOS33" loc="U1"/>
  <pin index="99" name ="led_16bits_tri_o_14" iostandard="LVCMOS33" loc="R2"/>
  <pin index="100" name ="led_16bits_tri_o_15" iostandard="LVCMOS33" loc="P2"/>
  <pin index="101" name ="push_buttons_5bits_tri_i_0" iostandard="LVCMOS33" loc="F15"/>
  <pin index="102" name ="push_buttons_5bits_tri_i_1" iostandard="LVCMOS33" loc="T16"/>
  <pin index="103" name ="push_buttons_5bits_tri_i_2" iostandard="LVCMOS33" loc="V10"/>
  <pin index="104" name ="push_buttons_5bits_tri_i_3" iostandard="LVCMOS33" loc="R10"/>
  <pin index="105" name ="push_buttons_5bits_tri_i_4" iostandard="LVCMOS33" loc="E16"/>
  <pin index="106" name ="qspi_csn_i" iostandard="LVCMOS33" loc="L13"/>
  <pin index="107" name ="qspi_db0_i" iostandard="LVCMOS33" loc="K17"/>
  <pin index="108" name ="qspi_db1_i" iostandard="LVCMOS33" loc="K18"/>
  <pin index="109" name ="qspi_db2_i" iostandard="LVCMOS33" loc="L14"/>
  <pin index="110" name ="qspi_db3_i" iostandard="LVCMOS33" loc="M14"/>
  <pin index="111" name ="qspi_sck_i" iostandard="LVCMOS33" loc="E9"/>
  <pin index="112" name ="reset" iostandard="LVCMOS33" loc="C12"/>
  <pin index="113" name ="rgb_led_tri_o_0" iostandard="LVCMOS33" loc="K5"/>
  <pin index="114" name ="rgb_led_tri_o_1" iostandard="LVCMOS33" loc="F13"/>
  <pin index="115" name ="rgb_led_tri_o_2" iostandard="LVCMOS33" loc="F6"/>
  <pin index="116" name ="rgb_led_tri_o_3" iostandard="LVCMOS33" loc="K6"/>
  <pin index="117" name ="rgb_led_tri_o_4" iostandard="LVCMOS33" loc="H6"/>
  <pin index="118" name ="rgb_led_tri_o_5" iostandard="LVCMOS33" loc="L16"/>
  <pin index="119" name ="seven_seg_led_an_tri_o_0" iostandard="LVCMOS33" loc="N6"/>
  <pin index="120" name ="seven_seg_led_an_tri_o_1" iostandard="LVCMOS33" loc="M6"/>
  <pin index="121" name ="seven_seg_led_an_tri_o_2" iostandard="LVCMOS33" loc="M3"/>
  <pin index="122" name ="seven_seg_led_an_tri_o_3" iostandard="LVCMOS33" loc="N5"/>
  <pin index="123" name ="seven_seg_led_an_tri_o_4" iostandard="LVCMOS33" loc="N2"/>
  <pin index="124" name ="seven_seg_led_an_tri_o_5" iostandard="LVCMOS33" loc="N4"/>
  <pin index="125" name ="seven_seg_led_an_tri_o_6" iostandard="LVCMOS33" loc="L1"/>
  <pin index="126" name ="seven_seg_led_an_tri_o_7" iostandard="LVCMOS33" loc="M1"/>
  <pin index="127" name ="temp_scl_i" iostandard="LVCMOS33" loc="F16"/>
  <pin index="128" name ="temp_sda_i" iostandard="LVCMOS33" loc="G16"/>
  <pin index="129" name ="usb_uart_rxd" iostandard="LVCMOS33" loc="C4"/>
  <pin index="130" name ="usb_uart_txd" iostandard="LVCMOS33" loc="D4"/>
</pins>
</part_info>
